"name","api","included","duplicate","duplicateReason","listOk","detailOk","searchOk","searchHasPlayUrl","hasPlayUrl","sampleVodId","searchSampleVodId","error"
"Luna 01 爱奇艺-","https://iqiyizyapi.com/api.php/provide/vod","True","False","","True","True","True","True","True","83218","83218",""
"Luna 02 豆瓣资源","https://caiji.dbzy5.com/api.php/provide/vod","True","False","","True","True","True","False","True","70364","",""
"Luna 03 茅台资源","https://caiji.maotaizy.cc/api.php/provide/vod","False","True","duplicate_api","True","True","True","False","True","134945","","duplicate_api"
"Luna 04 卧龙资源","https://wolongzyw.com/api.php/provide/vod","False","False","","False","False","False","False","False","","","Invalid JSON primitive: ."
"Luna 05 iKun资源","https://ikunzyapi.com/api.php/provide/vod","False","True","duplicate_api","True","True","True","True","True","70170","51581","duplicate_api"
"Luna 06 电影天堂","http://caiji.dyttzyapi.com/api.php/provide/vod","False","True","duplicate_api","True","True","True","True","True","9090","9090","duplicate_api"
"Luna 07 猫眼资源","https://api.maoyanapi.top/api.php/provide/vod","False","True","duplicate_api","True","True","True","True","True","157480","154230","duplicate_api"
"Luna 08 量子资源","https://cj.lzcaiji.com/api.php/provide/vod","False","True","duplicate_api","True","True","True","True","True","158460","103976","duplicate_api"
"Luna 09 360 资源","https://360zyzz.com/api.php/provide/vod","False","True","duplicate_api","True","True","True","True","True","107010","107010","duplicate_api"
"Luna 10 极速资源","https://jszyapi.com/api.php/provide/vod","False","True","duplicate_api","True","True","True","True","True","154054","154054","duplicate_api"
"Luna 11 魔都资源","https://www.mdzyapi.com/api.php/provide/vod","False","True","duplicate_api","True","True","True","True","True","90758","90758","duplicate_api"
"Luna 12 非凡资源","https://api.ffzyapi.com/api.php/provide/vod","False","True","duplicate_api","True","True","True","True","True","8399","8399","duplicate_api"
"Luna 13 暴风资源","https://bfzyapi.com/api.php/provide/vod","False","True","duplicate_api","True","True","True","True","True","162460","89269","duplicate_api"
"Luna 14 最大资源","https://api.zuidapi.com/api.php/provide/vod","False","True","duplicate_api","True","True","True","True","True","130444","130444","duplicate_api"
"Luna 15 无尽资源","https://api.wujinapi.me/api.php/provide/vod","False","True","duplicate_api","True","False","False","False","False","","","duplicate_api"
"Luna 16 新浪资源","https://api.xinlangapi.com/xinlangapi.php/provide/vod","False","True","duplicate_api","True","True","True","True","True","182262","182262","duplicate_api"
"Luna 17 旺旺资源","https://api.wwzy.tv/api.php/provide/vod","False","False","","False","False","False","False","False","","","Invalid JSON primitive: ."
"Luna 18 速播资源","https://subocaiji.com/api.php/provide/vod","False","True","duplicate_api","False","False","False","False","False","","","duplicate_api"
"Luna 19 金鹰点播","https://jyzyapi.com/provide/vod/from/jinyingyun/at/json","False","True","duplicate_host","True","True","True","True","True","160207","160207","duplicate_host"
"Luna 20 飘零资源","https://p2100.net/api.php/provide/vod","False","True","duplicate_api","False","False","False","False","False","","","duplicate_api"
"Luna 21 U酷影视","https://api.ukuapi88.com/api.php/provide/vod","False","True","duplicate_api","True","True","True","True","True","72633","72633","duplicate_api"
"Luna 22 光速资源","https://api.guangsuapi.com/api.php/provide/vod","False","True","duplicate_api","True","True","True","True","True","93096","93096","duplicate_api"
"Luna 23 红牛资源","https://www.hongniuzy2.com/api.php/provide/vod","False","True","duplicate_api","True","True","True","True","True","196060","196060","duplicate_api"
"Luna 24 魔都动漫","https://caiji.moduapi.cc/api.php/provide/vod","False","True","duplicate_api","True","True","True","True","True","90758","90758","duplicate_api"
"Luna 25 如意资源","https://cj.rycjapi.com/api.php/provide/vod","False","True","duplicate_api","True","True","True","False","True","86003","","duplicate_api"
"Luna 26 豪华资源","https://hhzyapi.com/api.php/provide/vod","False","True","duplicate_api","True","True","True","True","True","180165","180165","duplicate_api"
"Luna 27 百度云zy","https://pz.v88.qzz.io/?url=https://api.apibdzy.com/api.php/provide/vod","False","True","duplicate_api","False","False","False","False","False","","","duplicate_api"
"Luna 28 艾旦影视","https://pz.v88.qzz.io/?url=https://lovedan.net/api.php/provide/vod","False","True","duplicate_api","False","False","False","False","False","","","duplicate_api"
"Luna 29 量子影视","https://cj.lziapi.com/api.php/provide/vod","False","True","duplicate_api","True","True","True","True","True","158460","103976","duplicate_api"
"Luna 30 最大点播","https://zuidazy.me/api.php/provide/vod","False","True","duplicate_api","True","True","True","True","True","130444","130444","duplicate_api"
"Luna 31 无尽影视","https://api.wujinapi.com/api.php/provide/vod","False","True","duplicate_api","True","False","False","False","False","","","duplicate_api"
"Luna 32 旺旺短剧","https://wwzy.tv/api.php/provide/vod","False","False","","False","False","False","False","False","","","Invalid JSON primitive: ."
"Luna 33 优质资源","https://api.yzzy-api.com/inc/apijson.php","False","True","duplicate_api","True","True","True","True","True","54886","54886","duplicate_api"
"Luna 34 虎牙资源","https://www.huyaapi.com/api.php/provide/vod","False","True","duplicate_api","True","True","True","True","True","158357","158357","duplicate_api"
"Luna 35 鸭鸭资源","https://cj.yayazy.net/api.php/provide/vod","False","True","duplicate_api","True","True","False","False","True","129955","","duplicate_api"
"Luna 36 索尼资源","https://suoniapi.com/api.php/provide/vod","False","True","duplicate_api","True","True","False","False","True","155774","","duplicate_api"
"Luna 37 快车资源","https://caiji.kuaichezy.org/api.php/provide/vod","False","True","duplicate_api","True","True","False","False","True","132483","","duplicate_api"
"Luna 38 闪电资源","https://xsd.sdzyapi.com/api.php/provide/vod","False","True","duplicate_api","True","True","False","False","True","136643","","duplicate_api"
"Luna 39 樱花资源","https://m3u8.apiyhzy.com/api.php/provide/vod","False","True","duplicate_api","True","True","True","True","True","103085","103085","duplicate_api"
"Luna 40 麻豆视频","https://91md.me/api.php/provide/vod","False","True","duplicate_api","True","True","True","True","True","40713","40713","duplicate_api"
"Luna 41 155-资源","https://155api.com/api.php/provide/vod","False","True","duplicate_api","True","True","True","True","True","191284","133458","duplicate_api"
"Luna 42 玉兔资源","https://apiyutu.com/api.php/provide/vod","False","True","duplicate_api","True","True","True","True","True","331375","238617","duplicate_api"
"Luna 43 番号资源","http://fhapi9.com/api.php/provide/vod","False","True","duplicate_api","True","True","True","True","True","241406","4129","duplicate_api"
"Luna 44 老色逼-","https://apilsbzy1.com/api.php/provide/vod","False","True","duplicate_api","True","True","True","True","True","331375","238617","duplicate_api"
"Luna 45 小鸡资源","https://api.xiaojizy.live/provide/vod","False","True","duplicate_api","True","True","True","True","True","106518","106128","duplicate_api"
"Luna 46 黄色仓库","https://hsckzy.xyz/api.php/provide/vod","False","True","duplicate_api","True","True","True","True","True","86845","58521","duplicate_api"
"Luna 47 大奶子-","https://apidanaizi.com/api.php/provide/vod","False","True","duplicate_api","True","True","True","True","True","148942","133312","duplicate_api"
"Luna 48 jkun资源","https://jkunzyapi.com/api.php/provide/vod","False","True","duplicate_api","True","True","True","True","True","132838","130224","duplicate_api"
"Luna 49 乐播资源","https://lbapi9.com/api.php/provide/vod","False","True","duplicate_api","True","True","True","True","True","361651","216117","duplicate_api"
"Luna 50 奶香资源","https://Naixxzy.com/api.php/provide/vod","False","True","duplicate_api","True","True","True","True","True","191443","154455","duplicate_api"
"Luna 51 森林资源","https://beiyong.slapibf.com/api.php/provide/vod","False","True","duplicate_api","True","True","True","True","True","291369","149610","duplicate_api"
"Luna 52 辣椒资源","https://apilj.com/api.php/provide/vod","False","True","duplicate_api","True","True","True","True","True","237715","138487","duplicate_api"
"Luna 53 鲨鱼资源","https://shayuapi.com/api.php/provide/vod","False","True","duplicate_api","True","True","True","True","True","286815","245319","duplicate_api"
"Luna 54 豆豆资源","https://api.douapi.cc/api.php/provide/vod","False","True","duplicate_api","True","True","True","True","True","148856","148856","duplicate_api"
"Luna 55 滴滴资源","https://api.ddapi.cc/api.php/provide/vod","False","True","duplicate_api","True","True","True","True","True","73233","73233","duplicate_api"
"Luna 56 黑料资源","https://www.heiliaozyapi.com/api.php/provide/vod","False","True","duplicate_api","True","True","True","True","True","102019","88240","duplicate_api"
"Luna 57 桃花资源","https://thzy1.me/api.php/provide/vod","False","True","duplicate_api","True","True","True","True","True","147213","136510","duplicate_api"
"Luna 58 精品资源","https://www.jingpinx.com/api.php/provide/vod","False","True","duplicate_api","True","True","True","True","True","120521","109801","duplicate_api"
"Luna 59 CK-资源","https://ckzy.me/api.php/provide/vod","False","True","duplicate_api","True","True","True","True","True","33012","33012","duplicate_api"
"Luna 60 souavZY","https://api.souavzyw.net/api.php/provide/vod","False","True","duplicate_api","True","True","True","True","True","16141","121474","duplicate_api"
"Luna 61 细胞资源","https://www.xxibaozyw.com/api.php/provide/vod","False","True","duplicate_api","False","False","False","False","False","","","duplicate_api"
"Luna 62 香蕉资源","https://www.xiangjiaozyw.com/api.php/provide/vod","False","True","duplicate_api","False","False","False","False","False","","","duplicate_api"
"Luna 63 美少女-","https://www.msnii.com/api/json.php","True","False","","True","True","True","True","True","257642","249197",""
"Luna 64 黄AVZY","https://www.pgxdy.com/api/json.php","True","False","","True","True","True","True","True","256822","256636",""
"Luna 65 白嫖资源","https://www.kxgav.com/api/json.php","True","False","","True","True","True","True","True","256532","255434",""
"Luna 66 杏吧资源","https://xingba222.com/api.php/provide/vod","False","True","duplicate_api","True","True","True","True","True","149143","29953","duplicate_api"
"Luna 67 大地资源","https://dadiapi.com/feifei","False","True","duplicate_api","True","False","True","False","False","","","duplicate_api"
"Luna 68 色猫资源","https://caiji.semaozy.net/inc/apijson_vod.php/provide/vod","False","True","duplicate_api","False","False","False","False","False","","","duplicate_api"
"Luna 69 奥斯卡-","https://aosikazy.com/api.php/provide/vod","False","True","duplicate_api","True","True","False","False","True","449267","","duplicate_api"
